article no.;barcode;artist;title;track;ISRC;shop;type;country;qty;dealer (average);net (average);total amount
"7"" 20671";3,76E+12;R,W,W, (Reggae Workers of the World);Every Once In A While / Jesse James (Lim,Ed,);Jesse James;BEHC61800014;Napster;Stream;Germany;1;0,008;0,006;0,006
"7"" 20671";3,76E+12;R,W,W, (Reggae Workers of the World);Every Once In A While / Jesse James (Lim,Ed,);Every Once in a While;BEHC61800013;Spotify;Stream;Germany;1;0,002;0,002;0,002
"7"" 20671";3,76E+12;R,W,W, (Reggae Workers of the World);Every Once In A While / Jesse James (Lim,Ed,);Every Once in a While;BEHC61800013;Napster;Stream;Germany;2;0,008;0,006;0,012
"7"" 20671";3,76E+12;R,W,W, (Reggae Workers of the World);Every Once In A While / Jesse James (Lim,Ed,);Jesse James;BEHC61800014;Spotify;Stream;Germany;1;0,002;0,002;0,002
"7"" 20672";3,76E+12;Caz Gardiner & The Badasonics;Never Gonna Let / Tic Tac Toe (Lim,Ed,);Tic Tac Toe;BEHC61800009;Zed Russia;Stream;Russia;1;0,039;0,031;0,031
"7"" 20672";3,76E+12;Caz Gardiner & The Badasonics;Never Gonna Let / Tic Tac Toe (Lim,Ed,);Tic Tac Toe;BEHC61800009;Spotify;Stream;Sweden;5;0,003;0,002;0,01
"7"" 20672";3,76E+12;Caz Gardiner & The Badasonics;Never Gonna Let / Tic Tac Toe (Lim,Ed,);Never Gonna Let;BEHC61800003;Spotify;Stream;Sweden;5;0,003;0,002;0,01
"7"" 20672";3,76E+12;Caz Gardiner & The Badasonics;Never Gonna Let / Tic Tac Toe (Lim,Ed,);Never Gonna Let;BEHC61800003;Spotify;Stream;Germany;7;0,003;0,002;0,014
LP 20673;3,76E+12;R,W,W, (Reggae Workers of the World);R,W,W, II (180Gr,/+Download);Shut Yer Mouth;BEHC61800023;Amazon Unlimited;Stream;Germany;2;0,008;0,006;0,013
LP 20673;3,76E+12;R,W,W, (Reggae Workers of the World);R,W,W, II (180Gr,/+Download);Danielle;BEHC61800016;Spotify;Stream;Bulgaria;1;0;0;0
LP 20673;3,76E+12;R,W,W, (Reggae Workers of the World);R,W,W, II (180Gr,/+Download);Eye of the Storm;BEHC61800017;Amazon Unlimited;Stream;Germany;3;0,009;0,008;0,023
LP 20673;3,76E+12;R,W,W, (Reggae Workers of the World);R,W,W, II (180Gr,/+Download);J地ttendrai;BEHC61800019;Spotify;Stream;Austria;5;0,003;0,003;0,014
LP 20673;3,76E+12;R,W,W, (Reggae Workers of the World);R,W,W, II (180Gr,/+Download);Never Go Home;BEHC61800020;Amazon Digital Services Inc,;Stream;Germany;22;0;0;0,001
LP 20673;3,76E+12;R,W,W, (Reggae Workers of the World);R,W,W, II (180Gr,/+Download);Bump in the Night;BEHC61800015;Spotify;Stream;Bulgaria;1;0;0;0
LP 20673;3,76E+12;R,W,W, (Reggae Workers of the World);R,W,W, II (180Gr,/+Download);Wonder;BEHC61800024;Spotify;Stream;Austria;6;0,004;0,003;0,021
LP 20673;3,76E+12;R,W,W, (Reggae Workers of the World);R,W,W, II (180Gr,/+Download);Every Once in a While;BEHC61800013;Spotify;Stream;Hungary;7;0,002;0,001;0,01
LP 20673;3,76E+12;R,W,W, (Reggae Workers of the World);R,W,W, II (180Gr,/+Download);I Know a Girl;BEHC61800018;Spotify;Stream;Austria;5;0,004;0,003;0,017
LP 20673;3,76E+12;R,W,W, (Reggae Workers of the World);R,W,W, II (180Gr,/+Download);Jesse James;BEHC61800014;Spotify;Stream;Switzerland;53;0,003;0,003;0,137
LP 20673;3,76E+12;R,W,W, (Reggae Workers of the World);R,W,W, II (180Gr,/+Download);Pot of Gold;BEHC61800022;iTunes/Apple;Stream;Norway;1;0,009;0,007;0,007
LP 20673;3,76E+12;R,W,W, (Reggae Workers of the World);R,W,W, II (180Gr,/+Download);Shut Yer Mouth;BEHC61800023;Spotify;Stream;Bulgaria;1;0;0;0
LP 20673;3,76E+12;R,W,W, (Reggae Workers of the World);R,W,W, II (180Gr,/+Download);Danielle;BEHC61800016;Spotify;Stream;Italy;4;0,003;0,002;0,009
LP 20673;3,76E+12;R,W,W, (Reggae Workers of the World);R,W,W, II (180Gr,/+Download);Eye of the Storm;BEHC61800017;Spotify;Stream;Bulgaria;1;0;0;0
LP 20673;3,76E+12;R,W,W, (Reggae Workers of the World);R,W,W, II (180Gr,/+Download);Jesse James;BEHC61800014;Amazon Unlimited;Stream;Germany;5;0,007;0,006;0,028
LP 20673;3,76E+12;R,W,W, (Reggae Workers of the World);R,W,W, II (180Gr,/+Download);Never Go Home;BEHC61800020;Spotify;Stream;Austria;5;0,004;0,003;0,017
LP 20673;3,76E+12;R,W,W, (Reggae Workers of the World);R,W,W, II (180Gr,/+Download);Danielle;BEHC61800016;Amazon Digital Services Inc,;Stream;Germany;22;0;0;0,001
LP 20673;3,76E+12;R,W,W, (Reggae Workers of the World);R,W,W, II (180Gr,/+Download);Wonder;BEHC61800024;Spotify;Stream;Hungary;1;0,003;0,002;0,002
LP 20673;3,76E+12;R,W,W, (Reggae Workers of the World);R,W,W, II (180Gr,/+Download);Every Once in a While;BEHC61800013;Spotify;Stream;Poland;8;0;0;0,003
LP 20673;3,76E+12;R,W,W, (Reggae Workers of the World);R,W,W, II (180Gr,/+Download);I Know a Girl;BEHC61800018;Spotify;Stream;Hungary;1;0,003;0,002;0,002
LP 20673;3,76E+12;R,W,W, (Reggae Workers of the World);R,W,W, II (180Gr,/+Download);Never Get to Say You字e Sorry;BEHC61800021;iTunes/Apple;Stream;Switzerland;3;0,006;0,005;0,014
LP 20673;3,76E+12;R,W,W, (Reggae Workers of the World);R,W,W, II (180Gr,/+Download);Pot of Gold;BEHC61800022;Spotify;Stream;Germany;21;0,002;0,002;0,041
LP 20673;3,76E+12;R,W,W, (Reggae Workers of the World);R,W,W, II (180Gr,/+Download);Shut Yer Mouth;BEHC61800023;YouTube;Stream;Germany;1;0,001;0,001;0,001
LP 20673;3,76E+12;R,W,W, (Reggae Workers of the World);R,W,W, II (180Gr,/+Download);Every Once in a While;BEHC61800013;Spotify;Stream;Austria;6;0,003;0,002;0,014
LP 20673;3,76E+12;R,W,W, (Reggae Workers of the World);R,W,W, II (180Gr,/+Download); ;3,76E+12;Amazon Digital Services Inc,;Download;Germany;2;5,368;4,294;8,589
LP 20673;3,76E+12;R,W,W, (Reggae Workers of the World);R,W,W, II (180Gr,/+Download);Jesse James;BEHC61800014;Spotify;Stream;Austria;5;0,004;0,003;0,017
LP 20673;3,76E+12;R,W,W, (Reggae Workers of the World);R,W,W, II (180Gr,/+Download);Never Go Home;BEHC61800020;Spotify;Stream;Italy;3;0,003;0,002;0,007
LP 20673;3,76E+12;R,W,W, (Reggae Workers of the World);R,W,W, II (180Gr,/+Download);Bump in the Night;BEHC61800015;Amazon Digital Services Inc,;Stream;Germany;17;0;0;0,001
LP 20673;3,76E+12;R,W,W, (Reggae Workers of the World);R,W,W, II (180Gr,/+Download);Shut Yer Mouth;BEHC61800023;Amazon Digital Services Inc,;Stream;Germany;22;0;0;0,001
LP 20673;3,76E+12;R,W,W, (Reggae Workers of the World);R,W,W, II (180Gr,/+Download);Danielle;BEHC61800016;Spotify;Stream;Austria;5;0,004;0,003;0,017
LP 20673;3,76E+12;R,W,W, (Reggae Workers of the World);R,W,W, II (180Gr,/+Download);Eye of the Storm;BEHC61800017;Amazon Digital Services Inc,;Stream;Germany;24;0;0;0,001
LP 20673;3,76E+12;R,W,W, (Reggae Workers of the World);R,W,W, II (180Gr,/+Download);J地ttendrai;BEHC61800019;iTunes/Apple;Stream;Switzerland;3;0,005;0,004;0,012
LP 20673;3,76E+12;R,W,W, (Reggae Workers of the World);R,W,W, II (180Gr,/+Download);Never Get to Say You字e Sorry;BEHC61800021;Spotify;Stream;Italy;3;0,002;0,002;0,005
LP 20673;3,76E+12;R,W,W, (Reggae Workers of the World);R,W,W, II (180Gr,/+Download);Bump in the Night;BEHC61800015;Spotify;Stream;Austria;5;0,004;0,003;0,017
LP 20673;3,76E+12;R,W,W, (Reggae Workers of the World);R,W,W, II (180Gr,/+Download);Wonder;BEHC61800024;iTunes/Apple;Stream;Switzerland;4;0,006;0,005;0,019
LP 20673;3,76E+12;R,W,W, (Reggae Workers of the World);R,W,W, II (180Gr,/+Download);Every Once in a While;BEHC61800013;Spotify;Stream;Greece;5;0;0;0,001
LP 20673;3,76E+12;R,W,W, (Reggae Workers of the World);R,W,W, II (180Gr,/+Download);I Know a Girl;BEHC61800018;iTunes/Apple;Stream;Ukraine;4;0,003;0,002;0,009
LP 20673;3,76E+12;R,W,W, (Reggae Workers of the World);R,W,W, II (180Gr,/+Download);Jesse James;BEHC61800014;Spotify;Stream;Italy;5;0,003;0,002;0,011
LP 20673;3,76E+12;R,W,W, (Reggae Workers of the World);R,W,W, II (180Gr,/+Download);Pot of Gold;BEHC61800022;iTunes/Apple;Stream;Germany;7;0,004;0,004;0,025
LP 20673;3,76E+12;R,W,W, (Reggae Workers of the World);R,W,W, II (180Gr,/+Download);Shut Yer Mouth;BEHC61800023;Spotify;Stream;Austria;5;0,004;0,003;0,017
LP 20673;3,76E+12;R,W,W, (Reggae Workers of the World);R,W,W, II (180Gr,/+Download);Danielle;BEHC61800016;Spotify;Stream;Hungary;1;0,003;0,002;0,002
LP 20673;3,76E+12;R,W,W, (Reggae Workers of the World);R,W,W, II (180Gr,/+Download);Eye of the Storm;BEHC61800017;Spotify;Stream;Austria;5;0,004;0,003;0,017
LP 20673;3,76E+12;R,W,W, (Reggae Workers of the World);R,W,W, II (180Gr,/+Download);Jesse James;BEHC61800014;Amazon Digital Services Inc,;Stream;Germany;23;0;0;0,001
LP 20673;3,76E+12;R,W,W, (Reggae Workers of the World);R,W,W, II (180Gr,/+Download);Never Go Home;BEHC61800020;iTunes/Apple;Stream;Switzerland;4;0,006;0,005;0,019
LP 20673;3,76E+12;R,W,W, (Reggae Workers of the World);R,W,W, II (180Gr,/+Download);Bump in the Night;BEHC61800015;Spotify;Stream;Italy;5;0,003;0,002;0,011
LP 20673;3,76E+12;R,W,W, (Reggae Workers of the World);R,W,W, II (180Gr,/+Download);Wonder;BEHC61800024;Spotify;Stream;Greece;5;0;0;0,001
LP 20673;3,76E+12;R,W,W, (Reggae Workers of the World);R,W,W, II (180Gr,/+Download);Every Once in a While;BEHC61800013;Spotify;Stream;Norway;30;0,004;0,004;0,105
LP 20673;3,76E+12;R,W,W, (Reggae Workers of the World);R,W,W, II (180Gr,/+Download);I Know a Girl;BEHC61800018;Spotify;Stream;Greece;4;0;0;0,001
LP 20673;3,76E+12;R,W,W, (Reggae Workers of the World);R,W,W, II (180Gr,/+Download);Never Get to Say You字e Sorry;BEHC61800021;iTunes/Apple;Stream;Germany;3;0,004;0,004;0,011
LP 20673;3,76E+12;R,W,W, (Reggae Workers of the World);R,W,W, II (180Gr,/+Download);Pot of Gold;BEHC61800022;Spotify;Stream;Finland;2;0,004;0,003;0,006
LP 20673;3,76E+12;R,W,W, (Reggae Workers of the World);R,W,W, II (180Gr,/+Download);Shut Yer Mouth;BEHC61800023;Spotify;Stream;Italy;3;0,003;0,002;0,007
LP 20673;3,76E+12;R,W,W, (Reggae Workers of the World);R,W,W, II (180Gr,/+Download);Every Once in a While;BEHC61800013;iTunes/Apple;Stream;Switzerland;6;0,01;0,008;0,046
LP 20673;3,76E+12;R,W,W, (Reggae Workers of the World);R,W,W, II (180Gr,/+Download);Eye of the Storm;BEHC61800017;Spotify;Stream;Italy;1;0,002;0,002;0,002
LP 20673;3,76E+12;R,W,W, (Reggae Workers of the World);R,W,W, II (180Gr,/+Download);Jesse James;BEHC61800014;iTunes/Apple;Stream;Switzerland;5;0,006;0,005;0,023
LP 20673;3,76E+12;R,W,W, (Reggae Workers of the World);R,W,W, II (180Gr,/+Download);Never Go Home;BEHC61800020;Spotify;Stream;Hungary;1;0,003;0,002;0,002
LP 20673;3,76E+12;R,W,W, (Reggae Workers of the World);R,W,W, II (180Gr,/+Download);Pot of Gold;BEHC61800022;YouTube Red;Stream;Germany;2;0,003;0,002;0,005
LP 20673;3,76E+12;R,W,W, (Reggae Workers of the World);R,W,W, II (180Gr,/+Download);Danielle;BEHC61800016;iTunes/Apple;Stream;Switzerland;4;0,006;0,005;0,019
LP 20673;3,76E+12;R,W,W, (Reggae Workers of the World);R,W,W, II (180Gr,/+Download); ;BEHC61800013;YouTube;Stream;Germany;1;0,001;0,001;0,001
LP 20673;3,76E+12;R,W,W, (Reggae Workers of the World);R,W,W, II (180Gr,/+Download);J地ttendrai;BEHC61800019;iTunes/Apple;Stream;Germany;3;0,004;0,004;0,011
LP 20673;3,76E+12;R,W,W, (Reggae Workers of the World);R,W,W, II (180Gr,/+Download);Never Get to Say You字e Sorry;BEHC61800021;Spotify;Stream;Hungary;2;0,001;0,001;0,002
LP 20673;3,76E+12;R,W,W, (Reggae Workers of the World);R,W,W, II (180Gr,/+Download);Bump in the Night;BEHC61800015;iTunes/Apple;Stream;Switzerland;4;0,006;0,005;0,019
LP 20673;3,76E+12;R,W,W, (Reggae Workers of the World);R,W,W, II (180Gr,/+Download);Wonder;BEHC61800024;iTunes/Apple;Stream;Germany;7;0,004;0,004;0,025
LP 20673;3,76E+12;R,W,W, (Reggae Workers of the World);R,W,W, II (180Gr,/+Download);Every Once in a While;BEHC61800013;Spotify;Stream;Germany;18;0,003;0,002;0,042
LP 20673;3,76E+12;R,W,W, (Reggae Workers of the World);R,W,W, II (180Gr,/+Download);I Know a Girl;BEHC61800018;iTunes/Apple;Stream;Switzerland;3;0,006;0,005;0,014
LP 20673;3,76E+12;R,W,W, (Reggae Workers of the World);R,W,W, II (180Gr,/+Download);Jesse James;BEHC61800014;Spotify;Stream;Hungary;2;0,001;0,001;0,002
LP 20673;3,76E+12;R,W,W, (Reggae Workers of the World);R,W,W, II (180Gr,/+Download);Pot of Gold;BEHC61800022;Deezer;Stream;Switzerland;2;0,001;0,001;0,001
LP 20673;3,76E+12;R,W,W, (Reggae Workers of the World);R,W,W, II (180Gr,/+Download);Shut Yer Mouth;BEHC61800023;iTunes/Apple;Stream;Switzerland;4;0,006;0,005;0,019
LP 20673;3,76E+12;R,W,W, (Reggae Workers of the World);R,W,W, II (180Gr,/+Download);Danielle;BEHC61800016;Spotify;Stream;Greece;4;0;0;0,001
LP 20673;3,76E+12;R,W,W, (Reggae Workers of the World);R,W,W, II (180Gr,/+Download);Eye of the Storm;BEHC61800017;iTunes/Apple;Stream;Switzerland;3;0,006;0,005;0,014
LP 20673;3,76E+12;R,W,W, (Reggae Workers of the World);R,W,W, II (180Gr,/+Download);J地ttendrai;BEHC61800019;Spotify;Stream;Italy;2;0,002;0,002;0,003
LP 20673;3,76E+12;R,W,W, (Reggae Workers of the World);R,W,W, II (180Gr,/+Download);Never Go Home;BEHC61800020;iTunes/Apple;Stream;Germany;6;0,004;0,004;0,022
LP 20673;3,76E+12;R,W,W, (Reggae Workers of the World);R,W,W, II (180Gr,/+Download);Bump in the Night;BEHC61800015;Spotify;Stream;Hungary;1;0,003;0,002;0,002
LP 20673;3,76E+12;R,W,W, (Reggae Workers of the World);R,W,W, II (180Gr,/+Download);Wonder;BEHC61800024;Spotify;Stream;Germany;28;0,003;0,002;0,058
LP 20673;3,76E+12;R,W,W, (Reggae Workers of the World);R,W,W, II (180Gr,/+Download);Every Once in a While;BEHC61800013;Spotify;Stream;Lithuania;5;0,003;0,002;0,011
LP 20673;3,76E+12;R,W,W, (Reggae Workers of the World);R,W,W, II (180Gr,/+Download);I Know a Girl;BEHC61800018;Spotify;Stream;Germany;11;0,003;0,002;0,022
LP 20673;3,76E+12;R,W,W, (Reggae Workers of the World);R,W,W, II (180Gr,/+Download);Never Get to Say You字e Sorry;BEHC61800021;Deezer;Stream;Switzerland;1;0,001;0,001;0,001
LP 20673;3,76E+12;R,W,W, (Reggae Workers of the World);R,W,W, II (180Gr,/+Download);Pot of Gold;BEHC61800022;Spotify;Stream;Cyprus;5;0,004;0,003;0,015
LP 20673;3,76E+12;R,W,W, (Reggae Workers of the World);R,W,W, II (180Gr,/+Download);Shut Yer Mouth;BEHC61800023;Spotify;Stream;Hungary;2;0,001;0,001;0,002
LP 20673;3,76E+12;R,W,W, (Reggae Workers of the World);R,W,W, II (180Gr,/+Download);Every Once in a While;BEHC61800013;iTunes/Apple;Stream;Germany;3;0,004;0,004;0,011
LP 20673;3,76E+12;R,W,W, (Reggae Workers of the World);R,W,W, II (180Gr,/+Download);Eye of the Storm;BEHC61800017;Spotify;Stream;Hungary;3;0,001;0,001;0,002
LP 20673;3,76E+12;R,W,W, (Reggae Workers of the World);R,W,W, II (180Gr,/+Download);Jesse James;BEHC61800014;iTunes/Apple;Stream;Germany;10;0,004;0,003;0,03
LP 20673;3,76E+12;R,W,W, (Reggae Workers of the World);R,W,W, II (180Gr,/+Download);Never Go Home;BEHC61800020;Spotify;Stream;Greece;5;0;0;0,001
LP 20673;3,76E+12;R,W,W, (Reggae Workers of the World);R,W,W, II (180Gr,/+Download);Pot of Gold;BEHC61800022;Spotify;Stream;Sweden;1;0,005;0,004;0,004
LP 20673;3,76E+12;R,W,W, (Reggae Workers of the World);R,W,W, II (180Gr,/+Download);Danielle;BEHC61800016;iTunes/Apple;Stream;Germany;6;0,004;0,004;0,022
LP 20673;3,76E+12;R,W,W, (Reggae Workers of the World);R,W,W, II (180Gr,/+Download);Every Once in a While;BEHC61800013;Spotify;Stream;Switzerland;9;0,005;0,004;0,034
LP 20673;3,76E+12;R,W,W, (Reggae Workers of the World);R,W,W, II (180Gr,/+Download);J地ttendrai;BEHC61800019;Deezer;Stream;Croatia;1;0,005;0,004;0,004
LP 20673;3,76E+12;R,W,W, (Reggae Workers of the World);R,W,W, II (180Gr,/+Download);Never Get to Say You字e Sorry;BEHC61800021;Spotify;Stream;Greece;5;0;0;0,001
LP 20673;3,76E+12;R,W,W, (Reggae Workers of the World);R,W,W, II (180Gr,/+Download);Bump in the Night;BEHC61800015;iTunes/Apple;Stream;Germany;9;0,004;0,004;0,032
LP 20673;3,76E+12;R,W,W, (Reggae Workers of the World);R,W,W, II (180Gr,/+Download);Wonder;BEHC61800024;Deezer;Stream;Switzerland;2;0,001;0,001;0,001
LP 20673;3,76E+12;R,W,W, (Reggae Workers of the World);R,W,W, II (180Gr,/+Download);Every Once in a While;BEHC61800013;Spotify;Stream;Finland;8;0,004;0,003;0,026
LP 20673;3,76E+12;R,W,W, (Reggae Workers of the World);R,W,W, II (180Gr,/+Download);I Know a Girl;BEHC61800018;iTunes/Apple;Stream;Germany;3;0,004;0,004;0,011
LP 20673;3,76E+12;R,W,W, (Reggae Workers of the World);R,W,W, II (180Gr,/+Download);Jesse James;BEHC61800014;Spotify;Stream;Greece;4;0;0;0,001
LP 20673;3,76E+12;R,W,W, (Reggae Workers of the World);R,W,W, II (180Gr,/+Download);Pot of Gold;BEHC61800022;Deezer;Stream;Greece;1;0,001;0,001;0,001
LP 20673;3,76E+12;R,W,W, (Reggae Workers of the World);R,W,W, II (180Gr,/+Download);Shut Yer Mouth;BEHC61800023;iTunes/Apple;Stream;Germany;6;0,004;0,004;0,022
LP 20673;3,76E+12;R,W,W, (Reggae Workers of the World);R,W,W, II (180Gr,/+Download);Danielle;BEHC61800016;Spotify;Stream;Germany;21;0,002;0,002;0,041
LP 20673;3,76E+12;R,W,W, (Reggae Workers of the World);R,W,W, II (180Gr,/+Download);Eye of the Storm;BEHC61800017;iTunes/Apple;Stream;Germany;6;0,004;0,004;0,022
LP 20673;3,76E+12;R,W,W, (Reggae Workers of the World);R,W,W, II (180Gr,/+Download);J地ttendrai;BEHC61800019;Spotify;Stream;Greece;7;0;0;0,001
LP 20673;3,76E+12;R,W,W, (Reggae Workers of the World);R,W,W, II (180Gr,/+Download);Never Go Home;BEHC61800020;Deezer;Stream;Switzerland;1;0,001;0,001;0,001
LP 20673;3,76E+12;R,W,W, (Reggae Workers of the World);R,W,W, II (180Gr,/+Download);Bump in the Night;BEHC61800015;Spotify;Stream;Greece;5;0;0;0,001
LP 20673;3,76E+12;R,W,W, (Reggae Workers of the World);R,W,W, II (180Gr,/+Download);Wonder;BEHC61800024;Spotify;Stream;Finland;4;0,004;0,003;0,012
LP 20673;3,76E+12;R,W,W, (Reggae Workers of the World);R,W,W, II (180Gr,/+Download);Every Once in a While;BEHC61800013;Spotify;Stream;Latvia;1;0,003;0,002;0,002
LP 20673;3,76E+12;R,W,W, (Reggae Workers of the World);R,W,W, II (180Gr,/+Download);I Know a Girl;BEHC61800018;Spotify;Stream;Finland;2;0,004;0,003;0,006
LP 20673;3,76E+12;R,W,W, (Reggae Workers of the World);R,W,W, II (180Gr,/+Download);Never Get to Say You字e Sorry;BEHC61800021;Deezer;Stream;Croatia;1;0,005;0,004;0,004
LP 20673;3,76E+12;R,W,W, (Reggae Workers of the World);R,W,W, II (180Gr,/+Download);Pot of Gold;BEHC61800022;Spotify;Stream;Bulgaria;2;0,001;0,001;0,001
LP 20673;3,76E+12;R,W,W, (Reggae Workers of the World);R,W,W, II (180Gr,/+Download);Shut Yer Mouth;BEHC61800023;Spotify;Stream;Greece;4;0;0;0,001
LP 20673;3,76E+12;R,W,W, (Reggae Workers of the World);R,W,W, II (180Gr,/+Download);Every Once in a While;BEHC61800013;Deezer;Stream;Croatia;1;0,005;0,004;0,004
LP 20673;3,76E+12;R,W,W, (Reggae Workers of the World);R,W,W, II (180Gr,/+Download);Eye of the Storm;BEHC61800017;Spotify;Stream;Greece;5;0;0;0,001
LP 20673;3,76E+12;R,W,W, (Reggae Workers of the World);R,W,W, II (180Gr,/+Download);Jesse James;BEHC61800014;iTunes/Apple;Download;Germany;1;0,792;0,634;0,634
LP 20673;3,76E+12;R,W,W, (Reggae Workers of the World);R,W,W, II (180Gr,/+Download);Never Go Home;BEHC61800020;Spotify;Stream;Germany;18;0,002;0,002;0,034
LP 20673;3,76E+12;R,W,W, (Reggae Workers of the World);R,W,W, II (180Gr,/+Download);Pot of Gold;BEHC61800022;Spotify;Stream;Italy;6;0,003;0,002;0,015
LP 20673;3,76E+12;R,W,W, (Reggae Workers of the World);R,W,W, II (180Gr,/+Download);Danielle;BEHC61800016;Deezer;Stream;Switzerland;1;0,001;0,001;0,001
LP 20673;3,76E+12;R,W,W, (Reggae Workers of the World);R,W,W, II (180Gr,/+Download);Every Once in a While;BEHC61800013;Spotify;Stream;Sweden;39;0,004;0,004;0,14
LP 20673;3,76E+12;R,W,W, (Reggae Workers of the World);R,W,W, II (180Gr,/+Download);J地ttendrai;BEHC61800019;Amazon Unlimited;Stream;Germany;3;0,004;0,003;0,008
LP 20673;3,76E+12;R,W,W, (Reggae Workers of the World);R,W,W, II (180Gr,/+Download);Never Get to Say You字e Sorry;BEHC61800021;Spotify;Stream;Germany;13;0,002;0,002;0,025
LP 20673;3,76E+12;R,W,W, (Reggae Workers of the World);R,W,W, II (180Gr,/+Download);Wonder;BEHC61800024;Deezer;Stream;Croatia;1;0,005;0,004;0,004
LP 20673;3,76E+12;R,W,W, (Reggae Workers of the World);R,W,W, II (180Gr,/+Download);Every Once in a While;BEHC61800013;Spotify;Stream;Denmark;5;0,006;0,005;0,024
LP 20673;3,76E+12;R,W,W, (Reggae Workers of the World);R,W,W, II (180Gr,/+Download);I Know a Girl;BEHC61800018;Deezer;Stream;Croatia;1;0,005;0,004;0,004
LP 20673;3,76E+12;R,W,W, (Reggae Workers of the World);R,W,W, II (180Gr,/+Download);Jesse James;BEHC61800014;Spotify;Stream;Germany;34;0,002;0,002;0,066
LP 20673;3,76E+12;R,W,W, (Reggae Workers of the World);R,W,W, II (180Gr,/+Download);Pot of Gold;BEHC61800022;Deezer;Stream;Croatia;1;0,005;0,004;0,004
LP 20673;3,76E+12;R,W,W, (Reggae Workers of the World);R,W,W, II (180Gr,/+Download);Bump in the Night;BEHC61800015;Deezer;Stream;Switzerland;1;0,001;0,001;0,001
LP 20673;3,76E+12;R,W,W, (Reggae Workers of the World);R,W,W, II (180Gr,/+Download);Shut Yer Mouth;BEHC61800023;Deezer;Stream;Switzerland;1;0,001;0,001;0,001
LP 20673;3,76E+12;R,W,W, (Reggae Workers of the World);R,W,W, II (180Gr,/+Download);Danielle;BEHC61800016;Spotify;Stream;Finland;2;0,004;0,003;0,006
LP 20673;3,76E+12;R,W,W, (Reggae Workers of the World);R,W,W, II (180Gr,/+Download);Eye of the Storm;BEHC61800017;Deezer;Stream;Switzerland;2;0,001;0,001;0,001
LP 20673;3,76E+12;R,W,W, (Reggae Workers of the World);R,W,W, II (180Gr,/+Download);J地ttendrai;BEHC61800019;Spotify;Stream;Germany;7;0,002;0,002;0,012
LP 20673;3,76E+12;R,W,W, (Reggae Workers of the World);R,W,W, II (180Gr,/+Download);Never Go Home;BEHC61800020;Deezer;Stream;Croatia;1;0,005;0,004;0,004
LP 20673;3,76E+12;R,W,W, (Reggae Workers of the World);R,W,W, II (180Gr,/+Download);Bump in the Night;BEHC61800015;Spotify;Stream;Germany;16;0,002;0,002;0,031
LP 20673;3,76E+12;R,W,W, (Reggae Workers of the World);R,W,W, II (180Gr,/+Download);Wonder;BEHC61800024;Spotify;Stream;Cyprus;1;0,004;0,003;0,003
LP 20673;3,76E+12;R,W,W, (Reggae Workers of the World);R,W,W, II (180Gr,/+Download);Every Once in a While;BEHC61800013;Spotify;Stream;Italy;24;0,002;0,002;0,045
LP 20673;3,76E+12;R,W,W, (Reggae Workers of the World);R,W,W, II (180Gr,/+Download);I Know a Girl;BEHC61800018;Spotify;Stream;Estonia;1;0,003;0,003;0,003
LP 20673;3,76E+12;R,W,W, (Reggae Workers of the World);R,W,W, II (180Gr,/+Download);Never Get to Say You字e Sorry;BEHC61800021;Amazon Unlimited;Stream;Germany;3;0,006;0,005;0,016
LP 20673;3,76E+12;R,W,W, (Reggae Workers of the World);R,W,W, II (180Gr,/+Download);Pot of Gold;BEHC61800022;Spotify;Stream;Austria;5;0,004;0,003;0,017
LP 20673;3,76E+12;R,W,W, (Reggae Workers of the World);R,W,W, II (180Gr,/+Download);Shut Yer Mouth;BEHC61800023;Spotify;Stream;Germany;20;0,002;0,002;0,037
LP 20673;3,76E+12;R,W,W, (Reggae Workers of the World);R,W,W, II (180Gr,/+Download);Every Once in a While;BEHC61800013;Amazon Unlimited;Stream;Germany;3;0,004;0,003;0,008
LP 20673;3,76E+12;R,W,W, (Reggae Workers of the World);R,W,W, II (180Gr,/+Download);Eye of the Storm;BEHC61800017;Spotify;Stream;Germany;13;0,003;0,002;0,027
LP 20673;3,76E+12;R,W,W, (Reggae Workers of the World);R,W,W, II (180Gr,/+Download);Jesse James;BEHC61800014;Deezer;Stream;Switzerland;1;0,001;0,001;0,001
LP 20673;3,76E+12;R,W,W, (Reggae Workers of the World);R,W,W, II (180Gr,/+Download);Never Go Home;BEHC61800020;Spotify;Stream;Finland;1;0,004;0,003;0,003
LP 20673;3,76E+12;R,W,W, (Reggae Workers of the World);R,W,W, II (180Gr,/+Download);Pot of Gold;BEHC61800022;Spotify;Stream;Hungary;1;0,003;0,002;0,002
LP 20673;3,76E+12;R,W,W, (Reggae Workers of the World);R,W,W, II (180Gr,/+Download);Danielle;BEHC61800016;Deezer;Stream;Croatia;1;0,005;0,004;0,004
LP 20673;3,76E+12;R,W,W, (Reggae Workers of the World);R,W,W, II (180Gr,/+Download);Wonder;BEHC61800024;Spotify;Stream;Sweden;1;0,005;0,004;0,004
LP 20673;3,76E+12;R,W,W, (Reggae Workers of the World);R,W,W, II (180Gr,/+Download);Every Once in a While;BEHC61800013;Spotify;Stream;Slovakia;1;0,003;0,002;0,002
LP 20673;3,76E+12;R,W,W, (Reggae Workers of the World);R,W,W, II (180Gr,/+Download);J地ttendrai;BEHC61800019;Amazon Digital Services Inc,;Stream;Germany;21;0;0;0,001
LP 20673;3,76E+12;R,W,W, (Reggae Workers of the World);R,W,W, II (180Gr,/+Download);Never Get to Say You字e Sorry;BEHC61800021;Spotify;Stream;Finland;3;0,004;0,003;0,009
LP 20673;3,76E+12;R,W,W, (Reggae Workers of the World);R,W,W, II (180Gr,/+Download);Wonder;BEHC61800024;Amazon Unlimited;Stream;Germany;7;0,007;0,006;0,041
LP 20673;3,76E+12;R,W,W, (Reggae Workers of the World);R,W,W, II (180Gr,/+Download);Every Once in a While;BEHC61800013;Spotify;Stream;Czech Republic;2;0,003;0,003;0,005
LP 20673;3,76E+12;R,W,W, (Reggae Workers of the World);R,W,W, II (180Gr,/+Download);I Know a Girl;BEHC61800018;Amazon Unlimited;Stream;Germany;4;0,006;0,005;0,018
LP 20673;3,76E+12;R,W,W, (Reggae Workers of the World);R,W,W, II (180Gr,/+Download);Jesse James;BEHC61800014;Spotify;Stream;Finland;2;0,004;0,003;0,006
LP 20673;3,76E+12;R,W,W, (Reggae Workers of the World);R,W,W, II (180Gr,/+Download);Pot of Gold;BEHC61800022;Amazon Unlimited;Stream;Germany;8;0,008;0,006;0,051
LP 20673;3,76E+12;R,W,W, (Reggae Workers of the World);R,W,W, II (180Gr,/+Download);Bump in the Night;BEHC61800015;Deezer;Stream;Croatia;1;0,005;0,004;0,004
LP 20673;3,76E+12;R,W,W, (Reggae Workers of the World);R,W,W, II (180Gr,/+Download);Shut Yer Mouth;BEHC61800023;Deezer;Stream;Croatia;1;0,005;0,004;0,004
LP 20673;3,76E+12;R,W,W, (Reggae Workers of the World);R,W,W, II (180Gr,/+Download);Danielle;BEHC61800016;Spotify;Stream;Estonia;1;0,003;0,003;0,003
LP 20673;3,76E+12;R,W,W, (Reggae Workers of the World);R,W,W, II (180Gr,/+Download);Eye of the Storm;BEHC61800017;Deezer;Stream;Croatia;1;0,005;0,004;0,004
LP 20673;3,76E+12;R,W,W, (Reggae Workers of the World);R,W,W, II (180Gr,/+Download);J地ttendrai;BEHC61800019;Spotify;Stream;Finland;2;0,004;0,003;0,006
LP 20673;3,76E+12;R,W,W, (Reggae Workers of the World);R,W,W, II (180Gr,/+Download);Never Go Home;BEHC61800020;Amazon Unlimited;Stream;Germany;4;0,008;0,006;0,025
LP 20673;3,76E+12;R,W,W, (Reggae Workers of the World);R,W,W, II (180Gr,/+Download);Bump in the Night;BEHC61800015;Spotify;Stream;Finland;5;0,004;0,003;0,015
LP 20673;3,76E+12;R,W,W, (Reggae Workers of the World);R,W,W, II (180Gr,/+Download);Wonder;BEHC61800024;Spotify;Stream;Bulgaria;2;0,001;0,001;0,001
LP 20673;3,76E+12;R,W,W, (Reggae Workers of the World);R,W,W, II (180Gr,/+Download);Every Once in a While;BEHC61800013;Spotify;Stream;Ireland;38;0,003;0,002;0,078
LP 20673;3,76E+12;R,W,W, (Reggae Workers of the World);R,W,W, II (180Gr,/+Download);I Know a Girl;BEHC61800018;Spotify;Stream;Bulgaria;1;0,001;0,001;0,001
LP 20673;3,76E+12;R,W,W, (Reggae Workers of the World);R,W,W, II (180Gr,/+Download);Never Get to Say You字e Sorry;BEHC61800021;Amazon Digital Services Inc,;Stream;Germany;21;0;0;0,001
LP 20673;3,76E+12;R,W,W, (Reggae Workers of the World);R,W,W, II (180Gr,/+Download);Pot of Gold;BEHC61800022;iTunes/Apple;Stream;Switzerland;4;0,006;0,005;0,019
LP 20673;3,76E+12;R,W,W, (Reggae Workers of the World);R,W,W, II (180Gr,/+Download);Shut Yer Mouth;BEHC61800023;Spotify;Stream;Finland;2;0,004;0,003;0,006
LP 20673;3,76E+12;R,W,W, (Reggae Workers of the World);R,W,W, II (180Gr,/+Download);Every Once in a While;BEHC61800013;Amazon Digital Services Inc,;Stream;Germany;21;0;0;0,001
LP 20673;3,76E+12;R,W,W, (Reggae Workers of the World);R,W,W, II (180Gr,/+Download);Eye of the Storm;BEHC61800017;Spotify;Stream;Finland;2;0,004;0,003;0,006
LP 20673;3,76E+12;R,W,W, (Reggae Workers of the World);R,W,W, II (180Gr,/+Download);Jesse James;BEHC61800014;Deezer;Stream;Croatia;1;0,005;0,004;0,004
LP 20673;3,76E+12;R,W,W, (Reggae Workers of the World);R,W,W, II (180Gr,/+Download);Never Go Home;BEHC61800020;Spotify;Stream;Bulgaria;1;0;0;0
LP 20673;3,76E+12;R,W,W, (Reggae Workers of the World);R,W,W, II (180Gr,/+Download);Danielle;BEHC61800016;Amazon Unlimited;Stream;Germany;6;0,009;0,008;0,045
LP 20673;3,76E+12;R,W,W, (Reggae Workers of the World);R,W,W, II (180Gr,/+Download);Wonder;BEHC61800024;Spotify;Stream;Italy;4;0,003;0,002;0,009
LP 20673;3,76E+12;R,W,W, (Reggae Workers of the World);R,W,W, II (180Gr,/+Download);Every Once in a While;BEHC61800013;Spotify;Stream;Romania;3;0,002;0,002;0,006
LP 20673;3,76E+12;R,W,W, (Reggae Workers of the World);R,W,W, II (180Gr,/+Download);I Know a Girl;BEHC61800018;Spotify;Stream;Italy;2;0,002;0,002;0,003
LP 20673;3,76E+12;R,W,W, (Reggae Workers of the World);R,W,W, II (180Gr,/+Download);Never Get to Say You字e Sorry;BEHC61800021;Spotify;Stream;Austria;5;0,004;0,003;0,017
LP 20673;3,76E+12;R,W,W, (Reggae Workers of the World);R,W,W, II (180Gr,/+Download);Pot of Gold;BEHC61800022;Spotify;Stream;Greece;4;0;0;0,001
LP 20673;3,76E+12;R,W,W, (Reggae Workers of the World);R,W,W, II (180Gr,/+Download);Wonder;BEHC61800024;Amazon Digital Services Inc,;Stream;Germany;23;0;0;0,001
LP 20673;3,76E+12;R,W,W, (Reggae Workers of the World);R,W,W, II (180Gr,/+Download);Every Once in a While;BEHC61800013;Spotify;Stream;Bulgaria;6;0,002;0,001;0,007
LP 20673;3,76E+12;R,W,W, (Reggae Workers of the World);R,W,W, II (180Gr,/+Download);I Know a Girl;BEHC61800018;Amazon Digital Services Inc,;Stream;Germany;21;0;0;0,001
LP 20673;3,76E+12;R,W,W, (Reggae Workers of the World);R,W,W, II (180Gr,/+Download);Jesse James;BEHC61800014;Spotify;Stream;Bulgaria;11;0,001;0,001;0,011
LP 20673;3,76E+12;R,W,W, (Reggae Workers of the World);R,W,W, II (180Gr,/+Download);Pot of Gold;BEHC61800022;Amazon Digital Services Inc,;Stream;Germany;24;0;0;0,001
LP 20673;3,76E+12;R,W,W, (Reggae Workers of the World);R,W,W, II (180Gr,/+Download);Bump in the Night;BEHC61800015;Amazon Unlimited;Stream;Germany;5;0,007;0,006;0,028
;;;;;;;;;;;;
total sales;total amount;v.a.t.;total value;;;;;;;;;
1179;11,7;0;11,70 EURO;;;;;;;;;
;;;;;;;;;;;;
RWW`;0,022;11,615;;11,637;;;;;;;;
;;;;;;;;;;;;
badasonics;0,065;;;;;;;;;;;